id,title,authors,categories,date,comments
2512.05118,On the treatment of thermal effects in the equation of state on neutron star merger remnants,"Davide Guerra, Milton Ruiz, Michele Pasquali, Pablo Cerd\'a-Dur\'an, Arnau Rios, Jos\'e A. Font",gr-qc astro-ph.HE,2025-12-04,"31 pages, 26 figures, open to suggestions"
2512.05117,The Universal Weight Subspace Hypothesis,"Prakhar Kaushik, Shravan Chaudhari, Ankit Vaidya, Rama Chellappa, Alan Yuille",cs.LG cs.AI cs.CV,2025-12-04,37 pages
2512.05116,Value Gradient Guidance for Flow Matching Alignment,"Zhen Liu, Tim Z. Xiao, Carles Domingo-Enrich, Weiyang Liu, Dinghuai Zhang",cs.LG cs.CV,2025-12-04,"Accepted at NeurIPS 2025; 26 pages, 20 figures"
2512.05115,Light-X: Generative 4D Video Rendering with Camera and Illumination Control,"Tianqi Liu, Zhaoxi Chen, Zihao Huang, Shaocong Xu, Saining Zhang, Chongjie Ye, Bohan Li, Zhiguo Cao, Wei Li, Hao Zhao, Ziwei Liu",cs.CV,2025-12-04,Project Page: https://lightx-ai.github.io/
2512.05114,Deep infant brain segmentation from multi-contrast MRI,"Malte Hoffmann, Lilla Z\""ollei, Adrian V. Dalca",cs.LG cs.CV eess.IV,2025-12-04,"8 pages, 8 figures, 1 table, website at https://w3id.org/babyseg, presented at the 2025 IEEE Asilomar Conference on Signals, Systems, and Computers"
2512.05113,Splannequin: Freezing Monocular Mannequin-Challenge Footage with Dual-Detection Splatting,"Hao-Jen Chien, Yi-Chuan Huang, Chung-Ho Wu, Wei-Lun Chao, Yu-Lun Liu",cs.CV,2025-12-04,WACV 2025. Project page: https://chien90190.github.io/splannequin/
2512.05112,DraCo: Draft as CoT for Text-to-Image Preview and Rare Concept Generation,"Dongzhi Jiang, Renrui Zhang, Haodong Li, Zhuofan Zong, Ziyu Guo, Jun He, Claire Guo, Junyan Ye, Rongyao Fang, Weijia Li, Rui Liu, Hongsheng Li",cs.CV cs.AI cs.CL cs.LG,2025-12-04,Project Page: https://github.com/CaraJ7/DraCo
2512.05111,ARM-Thinker: Reinforcing Multimodal Generative Reward Models with Agentic Tool Use and Visual Reasoning,"Shengyuan Ding, Xinyu Fang, Ziyu Liu, Yuhang Zang, Yuhang Cao, Xiangyu Zhao, Haodong Duan, Xiaoyi Dong, Jianze Liang, Bin Wang, Conghui He, Dahua Lin, Jiaqi Wang",cs.CV,2025-12-04,
2512.05110,ShadowDraw: From Any Object to Shadow-Drawing Compositional Art,"Rundong Luo, Noah Snavely, Wei-Chiu Ma",cs.CV cs.AI cs.GR,2025-12-04,Project page: https://red-fairy.github.io/ShadowDraw/
2512.05109,Global phase diagram of two-dimensional dirty hyperbolic Dirac liquids,"Christopher A. Leong, Daniel J. Salib, Bitan Roy",cond-mat.mes-hall cond-mat.dis-nn cond-mat.stat-mech hep-th,2025-12-04,6 Pages and 3 Figures
2512.05108,The spectrum of $n_s$ constraints from DESI and CMB data,Evan McDonough and Elisa G. M. Ferreira,astro-ph.CO,2025-12-04,"10 pages, 4 figures"
2512.05107,STARE-VLA: Progressive Stage-Aware Reinforcement for Fine-Tuning Vision-Language-Action Models,"Feng Xu, Guangyao Zhai, Xin Kong, Tingzhong Fu, Daniel F.N. Gordon, Xueli An, Benjamin Busam",cs.RO,2025-12-04,
2512.05105,Semantic Soft Bootstrapping: Long Context Reasoning in LLMs without Reinforcement Learning,Purbesh Mitra and Sennur Ulukus,cs.CL cs.AI cs.IT cs.LG eess.SP math.IT,2025-12-04,
2512.05106,NeuralRemaster: Phase-Preserving Diffusion for Structure-Aligned Generation,"Yu Zeng, Charles Ochoa, Mingyuan Zhou, Vishal M. Patel, Vitor Guizilini, Rowan McAllister",cs.CV cs.GR cs.LG cs.RO,2025-12-04,
2512.05104,EvoIR: Towards All-in-One Image Restoration via Evolutionary Frequency Modulation,"Jiaqi Ma, Shengkai Hu, Jun Wan, Jiaxing Huang, Lefei Zhang, Salman Khan",cs.CV,2025-12-04,
2512.05103,TV2TV: A Unified Framework for Interleaved Language and Video Generation,"Xiaochuang Han, Youssef Emad, Melissa Hall, John Nguyen, Karthik Padthe, Liam Robbins, Amir Bar, Delong Chen, Michal Drozdzal, Maha Elbayad, Yushi Hu, Shang-Wen Li, Sreya Dutta Roy, Jakob Verbeek, XuDong Wang, Marjan Ghazvininejad, Luke Zettlemoyer, Emily Dinan",cs.LG cs.AI cs.CV,2025-12-04,
2512.05102,Measurement of the branching fractions and longitudinal polarisations of $B^0_{(s)} \to K^{*0} \kern 0.18em \overline{\kern -0.18em K}{}^{*0}$ decays,"LHCb collaboration: R. Aaij, A.S.W. Abdelmotteleb, C. Abellan Beteta, F. Abudin\'en, T. Ackernley, A. A. Adefisoye, B. Adeva, M. Adinolfi, P. Adlarson, C. Agapopoulou, C.A. Aidala, Z. Ajaltouni, S. Akar, K. Akiba, P. Albicocco, J. Albrecht, R. Aleksiejunas, F. Alessio, P. Alvarez Cartelle, R. Amalric, S. Amato, J.L. Amey, Y. Amhis, L. An, L. Anderlini, M. Andersson, P. Andreola, M. Andreotti, S. Andres Estrada, A. Anelli, D. Ao, C. Arata, F. Archilli, Z. Areg, M. Argenton, S. Arguedas Cuendis, L. Arnone, A. Artamonov, M. Artuso, E. Aslanides, R. Ata\'ide Da Silva, M. Atzeni, B. Audurier, J. A. Authier, D. Bacher, I. Bachiller Perea, S. Bachmann, M. Bachmayer, J.J. Back, P. Baladron Rodriguez, V. Balagura, A. Balboni, W. Baldini, Z. Baldwin, L. Balzani, H. Bao, J. Baptista de Souza Leite, C. Barbero Pretel, M. Barbetti, I. R. Barbosa, R.J. Barlow, M. Barnyakov, S. Barsuk, W. Barter, J. Bartz, S. Bashir, B. Batsukh, P. B. Battista, A. Bay, A. Beck, M. Becker, F. Bedeschi, I.B. Bediaga, N. A. Behling, S. Belin, A. Bellavista, K. Belous, I. Belov, I. Belyaev, G. Benane, G. Bencivenni, E. Ben-Haim, A. Berezhnoy, R. Bernet, S. Bernet Andres, A. Bertolin, F. Betti, J. Bex, O. Bezshyyko, S. Bhattacharya, J. Bhom, M.S. Bieker, N.V. Biesuz, A. Biolchini, M. Birch, F.C.R. Bishop, A. Bitadze, A. Bizzeti, T. Blake, F. Blanc, J.E. Blank, S. Blusk, V. Bocharnikov, J.A. Boelhauve, O. Boente Garcia, T. Boettcher, A. Bohare, A. Boldyrev, C. Bolognani, R. Bolzonella, R. B. Bonacci, N. Bondar, A. Bordelius, F. Borgato, S. Borghi, M. Borsato, J.T. Borsuk, E. Bottalico, S.A. Bouchiba, M. Bovill, T.J.V. Bowcock, A. Boyer, C. Bozzi, J. D. Brandenburg, A. Brea Rodriguez, N. Breer, J. Brodzicka, J. Brown, D. Brundu, E. Buchanan, M. Burgos Marcos, A.T. Burke, C. Burr, C. Buti, J.S. Butter, J. Buytaert, W. Byczynski, S. Cadeddu, H. Cai, Y. Cai, A. Caillet, R. Calabrese, S. Calderon Ramirez, L. Calefice, M. Calvi, M. Calvo Gomez, P. Camargo Magalhaes, J. I. Cambon Bouzas, P. Campana, A.F. Campoverde Quezada, S. Capelli, M. Caporale, L. Capriotti, R. Caravaca-Mora, A. Carbone, L. Carcedo Salgado, R. Cardinale, A. Cardini, P. Carniti, L. Carus, A. Casais Vidal, R. Caspary, G. Casse, M. Cattaneo, G. Cavallero, V. Cavallini, S. Celani, I. Celestino, S. Cesare, A.J. Chadwick, I. Chahrour, H. Chang, M. Charles, Ph. Charpentier, E. Chatzianagnostou, R. Cheaib, M. Chefdeville, C. Chen, J. Chen, S. Chen, Z. Chen, A. Chen Hu, M. Cherif, A. Chernov, S. Chernyshenko, X. Chiotopoulos, V. Chobanova, M. Chrzaszcz, A. Chubykin, V. Chulikov, P. Ciambrone, X. Cid Vidal, G. Ciezarek, P. Cifra, P.E.L. Clarke, M. Clemencic, H.V. Cliff, J. Closier, C. Cocha Toapaxi, V. Coco, J. Cogan, E. Cogneras, L. Cojocariu, S. Collaviti, P. Collins, T. Colombo, M. Colonna, A. Comerma-Montells, L. Congedo, J. Connaughton, A. Contu, N. Cooke, G. Cordova, C. Coronel, I. Corredoira, A. Correia, G. Corti, J. Cottee Meldrum, B. Couturier, D.C. Craik, M. Cruz Torres, E. Curras Rivera, R. Currie, C.L. Da Silva, S. Dadabaev, X. Dai, E. Dall'Occo, J. Dalseno, C. D'Ambrosio, J. Daniel, G. Darze, A. Davidson, J.E. Davies, O. De Aguiar Francisco, C. De Angelis, F. De Benedetti, J. de Boer, K. De Bruyn, S. De Capua, M. De Cian, U. De Freitas Carneiro Da Graca, E. De Lucia, J.M. De Miranda, L. De Paula, M. De Serio, P. De Simone, F. De Vellis, J.A. de Vries, F. Debernardis, D. Decamp, S. Dekkers, L. Del Buono, B. Delaney, H.-P. Dembinski, J. Deng, V. Denysenko, O. Deschamps, F. Dettori, B. Dey, P. Di Nezza, I. Diachkov, S. Didenko, S. Ding, Y. Ding, L. Dittmann, V. Dobishuk, A. D. Docheva, A. Doheny, C. Dong, A.M. Donohoe, F. Dordei, A.C. dos Reis, A. D. Dowling, L. Dreyfus, W. Duan, P. Duda, L. Dufour, V. Duk, P. Durante, M. M. Duras, J.M. Durham, O. D. Durmus, A. Dziurda, A. Dzyuba, S. Easo, E. Eckstein, U. Egede, A. Egorychev, V. Egorychev, S. Eisenhardt, E. Ejopu, L. Eklund, M. Elashri, D. Elizondo Blanco, J. Ellbracht, S. Ely, A. Ene, J. Eschle, S. Esen, T. Evans, F. Fabiano, S. Faghih, L.N. Falcao, B. Fang, R. Fantechi, L. Fantini, M. Faria, K. Farmer, F. Fassin, D. Fazzini, L. Felkowski, M. Feng, A. Fernandez Casani, M. Fernandez Gomez, A.D. Fernez, F. Ferrari, F. Ferreira Rodrigues, M. Ferrillo, M. Ferro-Luzzi, S. Filippov, R.A. Fini, M. Fiorini, M. Firlej, K.L. Fischer, D.S. Fitzgerald, C. Fitzpatrick, T. Fiutowski, F. Fleuret, A. Fomin, M. Fontana, L. A. Foreman, R. Forty, D. Foulds-Holt, V. Franco Lima, M. Franco Sevilla, M. Frank, E. Franzoso, G. Frau, C. Frei, D.A. Friday, J. Fu, Q. F\""uhring, T. Fulghesu, G. Galati, M.D. Galati, A. Gallas Torreira, D. Galli, S. Gambetta, M. Gandelman, P. Gandini, B. Ganie, H. Gao, R. Gao, T.Q. Gao, Y. Gao, Y. Gao, Y. Gao, L.M. Garcia Martin, P. Garcia Moreno, J. Garc\'ia Pardi\~nas, P. Gardner, L. Garrido, C. Gaspar, A. Gavrikov, L.L. Gerken, E. Gersabeck, M. Gersabeck, T. Gershon, S. Ghizzo, Z. Ghorbanimoghaddam, F. I. Giasemis, V. Gibson, H.K. Giemza, A.L. Gilman, M. Giovannetti, A. Giovent\`u, L. Girardey, M.A. Giza, F.C. Glaser, V.V. Gligorov, C. G\""obel, L. Golinka-Bezshyyko, E. Golobardes, D. Golubkov, A. Golutvin, S. Gomez Fernandez, W. Gomulka, I. Gon\c{c}ales Vaz, F. Goncalves Abrantes, M. Goncerz, G. Gong, J. A. Gooding, I.V. Gorelov, C. Gotti, E. Govorkova, J.P. Grabowski, L.A. Granado Cardoso, E. Graug\'es, E. Graverini, L. Grazette, G. Graziani, A. T. Grecu, N.A. Grieser, L. Grillo, S. Gromov, C. Gu, M. Guarise, L. Guerry, A.-K. Guseinov, E. Gushchin, Y. Guz, T. Gys, K. Habermann, T. Hadavizadeh, C. Hadjivasiliou, G. Haefeli, C. Haen, S. Haken, G. Hallett, P.M. Hamilton, J. Hammerich, Q. Han, X. Han, S. Hansmann-Menzemer, L. Hao, N. Harnew, T. H. Harris, M. Hartmann, S. Hashmi, J. He, N. Heatley, A. Hedes, F. Hemmer, C. Henderson, R. Henderson, R.D.L. Henderson, A.M. Hennequin, K. Hennessy, L. Henry, J. Herd, P. Herrero Gascon, J. Heuel, A. Heyn, A. Hicheur, G. Hijano Mendizabal, J. Horswill, R. Hou, Y. Hou, D.C. Houston, N. Howarth, W. Hu, X. Hu, W. Hulsbergen, R.J. Hunter, M. Hushchyn, D. Hutchcroft, M. Idzik, D. Ilin, P. Ilten, A. Iniukhin, A. Iohner, A. Ishteev, K. Ivshin, H. Jage, S.J. Jaimes Elles, S. Jakobsen, T. Jakoubek, E. Jans, B.K. Jashal, A. Jawahery, C. Jayaweera, V. Jevtic, Z. Jia, E. Jiang, X. Jiang, Y. Jiang, Y. J. Jiang, E. Jimenez Moya, N. Jindal, M. John, A. John Rubesh Rajan, D. Johnson, C.R. Jones, S. Joshi, B. Jost, J. Juan Castella, N. Jurik, I. Juszczak, K. Kalecinska, D. Kaminaris, S. Kandybei, M. Kane, Y. Kang, C. Kar, M. Karacson, A. Kauniskangas, J.W. Kautz, M.K. Kazanecki, F. Keizer, M. Kenzie, T. Ketel, B. Khanji, A. Kharisova, S. Kholodenko, G. Khreich, T. Kirn, V.S. Kirsebom, S. Klaver, N. Kleijne, A. Kleimenova, D. K. Klekots, K. Klimaszewski, M.R. Kmiec, T. Knospe, R. Kolb, S. Koliiev, L. Kolk, A. Konoplyannikov, P. Kopciewicz, P. Koppenburg, A. Korchin, M. Korolev, I. Kostiuk, O. Kot, S. Kotriakhova, E. Kowalczyk, A. Kozachuk, P. Kravchenko, L. Kravchuk, O. Kravcov, M. Kreps, P. Krokovny, W. Krupa, W. Krzemien, O. Kshyvanskyi, S. Kubis, M. Kucharczyk, V. Kudryavtsev, E. Kulikova, A. Kupsc, V. Kushnir, B. Kutsenko, J. Kvapil, I. Kyryllin, D. Lacarrere, P. Laguarta Gonzalez, A. Lai, A. Lampis, D. Lancierini, C. Landesa Gomez, J.J. Lane, G. Lanfranchi, C. Langenbruch, J. Langer, T. Latham, F. Lazzari, C. Lazzeroni, R. Le Gac, H. Lee, R. Lef\`evre, A. Leflat, S. Legotin, M. Lehuraux, E. Lemos Cid, O. Leroy, T. Lesiak, E. D. Lesser, B. Leverington, A. Li, C. Li, C. Li, H. Li, J. Li, K. Li, L. Li, M. Li, P. Li, P.-R. Li, Q. Li, T. Li, T. Li, Y. Li, Y. Li, Y. Li, Z. Lian, Q. Liang, X. Liang, Z. Liang, S. Libralon, A. Lightbody, C. Lin, T. Lin, R. Lindner, H. Linton, R. Litvinov, D. Liu, F. L. Liu, G. Liu, K. Liu, S. Liu, W. Liu, Y. Liu, Y. Liu, Y. L. Liu, G. Loachamin Ordonez, I. Lobo, A. Lobo Salvia, A. Loi, T. Long, F. C. L. Lopes, J.H. Lopes, A. Lopez Huertas, C. Lopez Iribarnegaray, S. L\'opez Soli\~no, Q. Lu, C. Lucarelli, D. Lucchesi, M. Lucio Martinez, Y. Luo, A. Lupato, E. Luppi, K. Lynch, X.-R. Lyu, G. M. Ma, H. Ma, S. Maccolini, F. Machefert, F. Maciuc, B. Mack, I. Mackay, L. M. Mackey, L.R. Madhan Mohan, M. J. Madurai, D. Magdalinski, D. Maisuzenko, J.J. Malczewski, S. Malde, L. Malentacca, A. Malinin, T. Maltsev, G. Manca, G. Mancinelli, C. Mancuso, R. Manera Escalero, F. M. Manganella, D. Manuzzi, D. Marangotto, J.F. Marchand, R. Marchevski, U. Marconi, E. Mariani, S. Mariani, C. Marin Benito, J. Marks, A.M. Marshall, L. Martel, G. Martelli, G. Martellotti, L. Martinazzoli, M. Martinelli, D. Martinez Gomez, D. Martinez Santos, F. Martinez Vidal, A. Martorell i Granollers, A. Massafferri, R. Matev, A. Mathad, V. Matiunin, C. Matteuzzi, K.R. Mattioli, A. Mauri, E. Maurice, J. Mauricio, P. Mayencourt, J. Mazorra de Cos, M. Mazurek, M. McCann, N.T. McHugh, A. McNab, R. McNulty, B. Meadows, G. Meier, D. Melnychuk, D. Mendoza Granada, P. Menendez Valdes Perez, F. M. Meng, M. Merk, A. Merli, L. Meyer Garcia, D. Miao, H. Miao, M. Mikhasenko, D.A. Milanes, A. Minotti, E. Minucci, T. Miralles, B. Mitreska, D.S. Mitzel, R. Mocanu, A. Modak, L. Moeser, R.D. Moise, E. F. Molina Cardenas, T. Momb\""acher, M. Monk, T. Monnard, S. Monteil, A. Morcillo Gomez, G. Morello, M.J. Morello, M.P. Morgenthaler, A. Moro, J. Moron, W. Morren, A.B. Morris, A.G. Morris, R. Mountain, Z. M. Mu, E. Muhammad, F. Muheim, M. Mulder, K. M\""uller, F. Mu\~noz-Rojas, R. Murta, V. Mytrochenko, P. Naik, T. Nakada, R. Nandakumar, T. Nanut, G. Napoletano, I. Nasteva, M. Needham, E. Nekrasova, N. Neri, S. Neubert, N. Neufeld, P. Neustroev, J. Nicolini, D. Nicotra, E.M. Niel, N. Nikitin, L. Nisi, Q. Niu, P. Nogarolli, P. Nogga, C. Normand, J. Novoa Fernandez, G. Nowak, C. Nunez, H. N. Nur, A. Oblakowska-Mucha, V. Obraztsov, T. Oeser, A. Okhotnikov, O. Okhrimenko, R. Oldeman, F. Oliva, E. Olivart Pino, M. Olocco, R.H. O'Neil, J.S. Ordonez Soto, D. Osthues, J.M. Otalora Goicochea, P. Owen, A. Oyanguren, O. Ozcelik, F. Paciolla, A. Padee, K.O. Padeken, B. Pagare, T. Pajero, A. Palano, L. Palini, M. Palutan, C. Pan, X. Pan, S. Panebianco, S. Paniskaki, G. Panshin, L. Paolucci, A. Papanestis, M. Pappagallo, L.L. Pappalardo, C. Pappenheimer, C. Parkes, D. Parmar, G. Passaleva, D. Passaro, A. Pastore, M. Patel, J. Patoc, C. Patrignani, A. Paul, C.J. Pawley, A. Pellegrino, J. Peng, X. Peng, M. Pepe Altarelli, S. Perazzini, D. Pereima, H. Pereira Da Costa, M. Pereira Martinez, A. Pereiro Castro, C. Perez, P. Perret, A. Perrevoort, A. Perro, M.J. Peters, K. Petridis, A. Petrolini, S. Pezzulo, J. P. Pfaller, H. Pham, L. Pica, M. Piccini, L. Piccolo, B. Pietrzyk, G. Pietrzyk, R. N. Pilato, D. Pinci, F. Pisani, M. Pizzichemi, V. M. Placinta, M. Plo Casasus, T. Poeschl, F. Polci, M. Poli Lener, A. Poluektov, N. Polukhina, I. Polyakov, E. Polycarpo, S. Ponce, D. Popov, K. Popp, S. Poslavskii, K. Prasanth, C. Prouve, D. Provenzano, V. Pugatch, A. Puicercus Gomez, G. Punzi, J.R. Pybus, Q. Q. Qian, W. Qian, N. Qin, R. Quagliani, R.I. Rabadan Trejo, R. Racz, J.H. Rademacker, M. Rama, M. Ram\'irez Garc\'ia, V. Ramos De Oliveira, M. Ramos Pernas, M.S. Rangel, F. Ratnikov, G. Raven, M. Rebollo De Miguel, F. Redi, J. Reich, F. Reiss, Z. Ren, P.K. Resmi, M. Ribalda Galvez, R. Ribatti, G. Ricart, D. Riccardi, S. Ricciardi, K. Richardson, M. Richardson-Slipper, F. Riehn, K. Rinnert, P. Robbe, G. Robertson, E. Rodrigues, A. Rodriguez Alvarez, E. Rodriguez Fernandez, J.A. Rodriguez Lopez, E. Rodriguez Rodriguez, J. Roensch, A. Rogachev, A. Rogovskiy, D.L. Rolf, P. Roloff, V. Romanovskiy, A. Romero Vidal, G. Romolini, F. Ronchetti, T. Rong, M. Rotondo, S. R. Roy, M.S. Rudolph, M. Ruiz Diaz, R.A. Ruiz Fernandez, J. Ruiz Vidal, J. J. Saavedra-Arias, J.J. Saborido Silva, S. E. R. Sacha Emile R., N. Sagidova, D. Sahoo, N. Sahoo, B. Saitta, M. Salomoni, I. Sanderswood, R. Santacesaria, C. Santamarina Rios, M. Santimaria, L. Santoro, E. Santovetti, A. Saputi, D. Saranin, A. Sarnatskiy, G. Sarpis, M. Sarpis, C. Satriano, A. Satta, M. Saur, D. Savrina, H. Sazak, F. Sborzacchi, A. Scarabotto, S. Schael, S. Scherl, M. Schiller, H. Schindler, M. Schmelling, B. Schmidt, N. Schmidt, S. Schmitt, H. Schmitz, O. Schneider, A. Schopper, N. Schulte, M.H. Schune, G. Schwering, B. Sciascia, A. Sciuccati, G. Scriven, I. Segal, S. Sellam, A. Semennikov, T. Senger, M. Senghi Soares, A. Sergi, N. Serra, L. Sestini, A. Seuthe, B. Sevilla Sanjuan, Y. Shang, D.M. Shangase, M. Shapkin, R. S. Sharma, I. Shchemerov, L. Shchutska, T. Shears, L. Shekhtman, Z. Shen, S. Sheng, V. Shevchenko, B. Shi, Q. Shi, W. S. Shi, Y. Shimizu, E. Shmanin, R. Shorkin, J.D. Shupperd, R. Silva Coutinho, G. Simi, S. Simone, M. Singha, N. Skidmore, T. Skwarnicki, M.W. Slater, E. Smith, K. Smith, M. Smith, L. Soares Lavra, M.D. Sokoloff, F.J.P. Soler, A. Solomin, A. Solovev, K. Solovieva, N. S. Sommerfeld, R. Song, Y. Song, Y. Song, Y. S. Song, F.L. Souza De Almeida, B. Souza De Paula, K.M. Sowa, E. Spadaro Norella, E. Spedicato, J.G. Speer, P. Spradlin, F. Stagni, M. Stahl, S. Stahl, S. Stanislaus, M. Stefaniak, E.N. Stein, O. Steinkamp, D. Strekalina, Y. Su, F. Suljik, J. Sun, J. Sun, L. Sun, D. Sundfeld, W. Sutcliffe, P. Svihra, V. Svintozelskyi, K. Swientek, F. Swystun, A. Szabelski, T. Szumlak, Y. Tan, Y. Tang, Y. T. Tang, M.D. Tat, J. A. Teijeiro Jimenez, A. Terentev, F. Terzuoli, F. Teubert, E. Thomas, D.J.D. Thompson, A. R. Thomson-Strong, H. Tilquin, V. Tisserand, S. T'Jampens, M. Tobin, T. T. Todorov, L. Tomassetti, G. Tonani, X. Tong, T. Tork, D. Torres Machado, L. Toscano, D.Y. Tou, C. Trippl, G. Tuci, N. Tuning, L.H. Uecker, A. Ukleja, D.J. Unverzagt, A. Upadhyay, B. Urbach, A. Usachov, A. Ustyuzhanin, U. Uwer, V. Vagnoni, A. Vaitkevicius, V. Valcarce Cadenas, G. Valenti, N. Valls Canudas, J. van Eldik, H. Van Hecke, E. van Herwijnen, C.B. Van Hulse, R. Van Laak, M. van Veghel, G. Vasquez, R. Vazquez Gomez, P. Vazquez Regueiro, C. V\'azquez Sierra, S. Vecchi, J. Velilla Serna, J.J. Velthuis, M. Veltri, A. Venkateswaran, M. Verdoglia, M. Vesterinen, W. Vetens, D. Vico Benet, P. Vidrier Villalba, M. Vieites Diaz, X. Vilasis-Cardona, E. Vilella Figueras, A. Villa, P. Vincent, B. Vivacqua, F.C. Volle, D. vom Bruch, N. Voropaev, K. Vos, C. Vrahas, J. Wagner, J. Walsh, E.J. Walton, G. Wan, A. Wang, B. Wang, C. Wang, G. Wang, H. Wang, J. Wang, J. Wang, J. Wang, J. Wang, M. Wang, N. W. Wang, R. Wang, X. Wang, X. Wang, X. W. Wang, Y. Wang, Y. Wang, Y. H. Wang, Z. Wang, Z. Wang, J.A. Ward, M. Waterlaat, N.K. Watson, D. Websdale, Y. Wei, Z. Weida, J. Wendel, B.D.C. Westhenry, C. White, M. Whitehead, E. Whiter, A.R. Wiederhold, D. Wiedner, M. A. Wiegertjes, C. Wild, G. Wilkinson, M.K. Wilkinson, M. Williams, M. J. Williams, M.R.J. Williams, R. Williams, S. Williams, Z. Williams, F.F. Wilson, M. Winn, W. Wislicki, M. Witek, L. Witola, T. Wolf, E. Wood, G. Wormser, S.A. Wotton, H. Wu, J. Wu, X. Wu, Y. Wu, Z. Wu, K. Wyllie, S. Xian, Z. Xiang, Y. Xie, T. X. Xing, A. Xu, L. Xu, M. Xu, Z. Xu, Z. Xu, Z. Xu, S. Yadav, K. Yang, X. Yang, Y. Yang, Y. Yang, Z. Yang, V. Yeroshenko, H. Yeung, H. Yin, X. Yin, C. Y. Yu, J. Yu, X. Yuan, Y Yuan, J. A. Zamora Saa, M. Zavertyaev, M. Zdybal, F. Zenesini, C. Zeng, M. Zeng, C. Zhang, D. Zhang, J. Zhang, L. Zhang, R. Zhang, S. Zhang, S. L.  Zhang, Y. Zhang, Y. Z. Zhang, Z. Zhang, Y. Zhao, A. Zhelezov, S. Z. Zheng, X. Z. Zheng, Y. Zheng, T. Zhou, X. Zhou, Y. Zhou, V. Zhovkovska, L. Z. Zhu, X. Zhu, X. Zhu, Y. Zhu, V. Zhukov, J. Zhuo, Q. Zou, D. Zuliani, G. Zunica",hep-ex,2025-12-04,"All figures and tables, along with any supplementary material and additional information, are available at https://lbfence.cern.ch/alcm/public/analysis/full-details/4535 (LHCb public pages)"
2512.05101,Decoy-state quantum key distribution over 227 km with a frequency-converted telecom single-photon source,"Frederik Brooke Barnes, Roberto G. Pousa, Christopher L. Morrison, Zhe Xian Koong, Joseph Ho, Francesco Graffitti, John Jeffers, and Daniel K. L. Oi, Brian D. Gerardot, Alessandro Fedrizzi",quant-ph,2025-12-04,
2512.05100,Structured Document Translation via Format Reinforcement Learning,"Haiyue Song, Johannes Eschbach-Dymanus, Hour Kaing, Sumire Honda, Hideki Tanaka, Bianka Buschbeck, Masao Utiyama",cs.CL cs.AI cs.LG,2025-12-04,IJCNLP-AACL 2025 Main (Oral)
2512.05099,PSR J0952-0607: Tightening a Record-High Neutron Star Mass,"Roger W. Romani, Maya Beleznay, Alexei V. Filippenko, Thomas G. Brink and WeiKang Zheng",astro-ph.HE,2025-12-04,To appear in the Astrophysical Journal
2512.05098,SA-IQA: Redefining Image Quality Assessment for Spatial Aesthetics with Multi-Dimensional Rewards,"Yuan Gao, Jin Song",cs.CV cs.AI,2025-12-04,
2512.05097,Highly-ionized gas in lensed z = 6.027 Little Red Dot seen through [OIII] 88$\mu$m with ALMA,"Kirsten K. Knudsen, Johan Richard, Mathilde Jauzac, Tom J.L.C. Bakx, Thiago S. Goncalves, Eiichi Egami, Kiana Kade, Rahul Rana, Laura Sommovigo, Flora Stanley, Daniel P. Stark",astro-ph.GA,2025-12-04,Submitted to A&A
2512.05096,Pump Free Microwave-Optical Quantum Transduction,"Fangxin Li, Jaesung Heo, Zhaoyou Wang, Andrew P. Higginbotham, Alexander A. High, Liang Jiang",quant-ph,2025-12-04,
2512.05095,On the Outer Automorphism Groups of the Absolute Galois Groups of 2-adic local Fields,Yu Nishio,math.NT,2025-12-04,
2512.05094,From Generated Human Videos to Physically Plausible Robot Trajectories,"James Ni, Zekai Wang, Wei Lin, Amir Bar, Yann LeCun, Trevor Darrell, Jitendra Malik, Roei Herzig",cs.RO cs.CV,2025-12-04,"For project website, see https://genmimic.github.io"
2512.05093,Resolving the molecular gas emission of the z~2.5-2.8 starburst galaxies SPT0125-47 and SPT 2134-50,"K. Kade, M. Bredberg, K. Knudsen, S. K\""onig, G. Drouart, A. B. Romeo, and T.J.L.C. Bakx",astro-ph.GA,2025-12-04,
2512.05092,Foundations of Diffusion Models in General State Spaces: A Self-Contained Introduction,"Vincent Pauline, Tobias H\""oppe, Kirill Neklyudov, Alexander Tong, Stefan Bauer, Andrea Dittadi",stat.ML cs.LG,2025-12-04,
2512.05091,Visual Reasoning Tracer: Object-Level Grounded Reasoning Benchmark,"Haobo Yuan, Yueyi Sun, Yanwei Li, Tao Zhang, Xueqing Deng, Henghui Ding, Lu Qi, Anran Wang, Xiangtai Li, Ming-Hsuan Yang",cs.CV,2025-12-04,Technical Report; Project Page: https://harboryuan.github.io/visual-reasoning-tracer
2512.05090,Breaking the bandwidth-efficiency trade-off in soliton microcombs via mode coupling,"Yang Liu, Andreas Jacobsen, Thibault Wildi, Yanjing Zhao, Chaochao Ye, Yi Zheng, Camiel Op de Beeck, Jos\'e Carreira, Michael Geiselmann, Kresten Yvind, Tobias Herr and Minhao Pu",physics.optics,2025-12-04,"9 pages, 4 figures"
2512.05089,The Geometry of Intelligence: Deterministic Functional Topology as a Foundation for Real-World Perception,Eduardo Di Santi,cs.LG math.OC,2025-12-04,"35 pages, 6 figures. This preprint develops a deterministic functional-topological framework showing that physical systems generate compact perceptual manifolds with finite radius. We provide theory, Monte-Carlo estimators, and validation across PM, battery, and ECG domains, unifying biological perception and self-supervised AI"
2512.05088,Phase Transitions and Black Hole Stability in Gauged N = 8 Supergravity,"Andres Anabalon, Dumitru Astefanesei, Julio Oliva, Gabriel Ortega and Jorge Urbina",hep-th,2025-12-04,"13 pages, 4 figures"
2512.05087,Multimode RF Reflectometry for Spin Qubit Readout and Device Characterization,"Joffrey Rivard, Alexis Morel, Olivier Romain, El Bachir Ndiaye, Idris Aboubakari, Christian Lupien, Cl\'ement Godfrin, Julien Jussot, Stefan Kubicek, Kristiaan De Greve, Danny Wan, Claude Rohrbacher, Eva Dupont-Ferrier",cond-mat.mes-hall quant-ph,2025-12-04,"5 pages, 5 figures"
2512.05086,Singularity of the loops within a cable-graph loop-soup conditioned by its occupation time,Arthur Dremaux,math.PR,2025-12-04,
2512.05085,Performance Analysis of Fluid Reconfigurable Intelligent Surface over Covert Communications,"Farshad Rostami Ghadi, Masoud Kaveh, Hanjiang Hong, Kai-Kit Wong, Riku Jantti, and F. Javier Lopez-Martinez",cs.IT math.IT,2025-12-04,
2512.05084,Gradient Descent with Provably Tuned Learning-rate Schedules,Dravyansh Sharma,cs.LG,2025-12-04,
2512.05083,First Study of the Nuclear Response to Fast Hadrons via Angular Correlations between Pions and Slow Protons in Electron-Nucleus Scattering,"S.J. Paul, M. Arratia, H. Hakobyan, W. Brooks, A. Acar, P. Achenbach, J.S. Alvarado, W.R. Armstrong, N.A. Baltzell, L. Barion, M. Bashkanov, M. Battaglieri, F. Benmokhtar, A. Bianconi, A.S. Biselli, F. Boss\`u, S. Boiarinov, K.-T. Brinkmann, W.J. Briscoe, V. Burkert, T. Cao, D.S. Carman, P. Chatagnon, H. Chinchay, G. Ciullo, P.L. Cole, A. D'Angelo, N. Dashyan, R. De Vita, A. Deur, S. Diehl, C. Djalali, R. Dupre, H. Egiyan, A. El Alaoui, L. Elouadrhiri, P. Eugenio, M. Farooq, S. Fegan, A. Filippi, C. Fogler, G. Gavalian, G.P. Gilfoyle, R.W. Gothe, B. Gualtieri, M. Hattawy, F. Hauenstein, T.B. Hayward, M. Hoballah, M. Holtrop, Yu-Chun Hung, Y. Ilieva, D.G. Ireland, E.L. Isupov, D. Jenkins, H.S. Jo, D. Keller, M. Khandaker, A. Kim, V. Klimenko, I. Korover, A. Kripko, V. Kubarovsky, L. Lanza, S. Lee, P. Lenisa, X. Li, D. Marchand, V. Mascagna, B. McKinnon, T. Mineeva, V. Mokeev, E.F. Molina Cardenas, C. Munoz Camacho, P. Nadel-Turonski, T. Nagorna, K. Neupane, S. Niccolai, G. Niculescu, M. Osipenko, A.I. Ostrovidov, M. Ouillon, P. Pandey, M. Paolone, L.L. Pappalardo, R. Paremuzyan, E. Pasyuk, W. Phelps, N. Pilleux, P.S.H. Vaishnavi, S. Polcher Rafael, L. Polizzi, J.W. Price, Y. Prok, A. Radic, T. Reed, J. Richards, M. Ripani, J. Ritman, G. Rosner, S. Schadmand, A. Schmidt, R.A. Schumacher, Y. Sharabian, S. Shrestha, E. Sidoretti, D. Sokhan, N. Sparveris, M. Spreafico, S. Stepanyan, I.I. Strakovsky, S. Strauch, M. Tenorio, F. Touchte Codjo, R. Tyson, M. Ungaro, S. Vallarino, C. Velasquez, L. Venturelli, H. Voskanyan, E. Voutier, Y. Wang, D.P. Watts, U. Weerasinghe, X. Wei, M.H. Wood, L. Xu, Z. Xu, M. Zurek (the CLAS Collaboration)",nucl-ex,2025-12-04,
2512.05082,Anomaly cancellation and one-loop finiteness of 6D half-maximal supergravities,Renata Kallosh,hep-th,2025-12-04,4p
2512.05081,Deep Forcing: Training-Free Long Video Generation with Deep Sink and Participative Compression,"Jung Yi, Wooseok Jang, Paul Hyunbin Cho, Jisu Nam, Heeji Yoon, Seungryong Kim",cs.CV,2025-12-04,Project Page: https://cvlab-kaist.github.io/DeepForcing/
2512.05080,OMTRA: A Multi-Task Generative Model for Structure-Based Drug Design,"Ian Dunn, Liv Toft, Tyler Katz, Juhi Gupta, Riya Shah, Ramith Hettiarachchi, David R. Koes",cs.LG,2025-12-04,"Presented at the Machine Learning for Structural Biology Workshop, 2025"
2512.05079,Object Reconstruction under Occlusion with Generative Priors and Contact-induced Constraints,"Minghan Zhu, Zhiyi Wang, Qihang Sun, Maani Ghaffari, Michael Posa",cs.CV cs.RO,2025-12-04,Project page: https://contactgen3d.github.io/
2512.05078,Improving Posterior Inference of Galaxy Properties with Image-Based Conditional Flow Matching,"Mikaeel Yunus, John F. Wu, Benne W. Holwerda",astro-ph.IM astro-ph.GA,2025-12-04,Accepted at NeurIPS 2025 ML4PS workshop
2512.05077,Mean curvature flow near a peanut solution,"Sigurd Angenent, Panagiota Daskalopoulos, Natasa Sesum",math.AP,2025-12-04,
2512.05076,BulletTime: Decoupled Control of Time and Camera Pose for Video Generation,"Yiming Wang, Qihang Zhang, Shengqu Cai, Tong Wu, Jan Ackermann, Zhengfei Kuang, Yang Zheng, Frano Raji\v{c}, Siyu Tang, Gordon Wetzstein",cs.CV,2025-12-04,Project Page: https://19reborn.github.io/Bullet4D/
2512.05075,Anisotropic Response in Metamaterials with Elliptically Perforated Plates: Applications to Near-Field Radiative Heat Transfer,"J. E. P'erez-Rodr'iguez, R. Esquivel-Sirvent and A. Camacho de la Rosa",physics.optics cond-mat.mtrl-sci,2025-12-04,Supplementary Information Available
2512.05074,Thermodynamic universality across dissipative quantum phase transitions,"Laetitia P. Bettmann, Artur M. Lacerda, Mark T. Mitchison, John Goold",quant-ph cond-mat.stat-mech,2025-12-04,"5 + 9 pages, 2 + 5 figures. Comments welcome!"
2512.05073,David vs. Goliath: Can Small Models Win Big with Agentic AI in Hardware Design?,"Shashwat Shankar, Subhranshu Pandey, Innocent Dengkhw Mochahari, Bhabesh Mali, Animesh Basak Chowdhury, Sukanta Bhattacharjee, Chandan Karfa",cs.LG cs.AI cs.AR cs.SE,2025-12-04,
2512.05072,Carrollian holographic duals are non-local,"Jordan Cotler, Prateksh Dhivakar, Kristan Jensen",hep-th,2025-12-04,"10 pages, 1 figure, 2 Appendices"
2512.05071,The Evolving Landscape of Interactive Surface Sensing Technologies,"David Wang, Wilson Chen, Tianju Wang, Jiale Zhang",eess.SY cs.SY,2025-12-04,"12 pages, 10 figures"
2512.05070,Control Consistency Losses for Diffusion Bridges,"Samuel Howard, Nikolas N\""usken, Jakiw Pidstrigach",stat.ML cs.LG,2025-12-04,Frontiers in Probabilistic Inference: Sampling Meets Learning Workshop at NeurIPS 2025 (Oral)
2512.05069,Hybrid Quantum-Classical Autoencoders for Unsupervised Network Intrusion Detection,"Mohammad Arif Rasyidi, Omar Alhussein, Sami Muhaidat, Ernesto Damiani",cs.LG cs.CR quant-ph,2025-12-04,
2512.05068,The separating systole and the genus ratio of high genus triangulations,Baptiste Louf,math.PR math.CO,2025-12-04,"18 pages, 5 figures"
2512.05067,Perceptually-Minimal Color Optimization for Web Accessibility: A Multi-Phase Constrained Approach,Lalitha A R,cs.HC math.OC,2025-12-04,
2512.05066,Multi-LLM Collaboration for Medication Recommendation,"Huascar Sanchez, Briland Hitaj, Jules Bergmann, Linda Briesemeister",cs.LG cs.AI cs.CL,2025-12-04,"8 pages, 5 figures, 1 table"
2512.05065,Personalizing Agent Privacy Decisions via Logical Entailment,"James Flemings, Ren Yi, Octavian Suciu, Kassem Fawaz, Murali Annavaram, Marco Gruteser",cs.CR,2025-12-04,
2512.05064,Atomic decompositions for derived categories of G-surfaces,"Alexey Elagin, Julia Schneider, Evgeny Shinder",math.AG,2025-12-04,Comments are welcome
2512.05063,"Debt, Growth, and the Carbon Lock-In","Silvia Montagnania, Barnabe Ledoux, David Lacoste",physics.app-ph,2025-12-04,"49 Pages, 17 Figures"
2512.05062,Configuration Defects in Kubernetes,"Yue Zhang, Uchswas Paul, Marcelo d'Amorim, and Akond Rahman",cs.SE,2025-12-04,
2512.05061,Effective delta sources and Newtonian limit in nonlocal gravity,"Thomas M. Sangy, Nicol\`o Burzill\`a, Breno L. Giacchini, Tib\'erio de Paula Netto",gr-qc hep-th,2025-12-04,"40 pages, LaTeX, 21 figures"
2512.05060,4DLangVGGT: 4D Language-Visual Geometry Grounded Transformer,"Xianfeng Wu, Yajing Bai, Minghan Li, Xianzu Wu, Xueqi Zhao, Zhongyuan Lai, Wenyu Liu, Xinggang Wang",cs.CV,2025-12-04,"Code: https://github.com/hustvl/4DLangVGGT, Webpage: https://hustvl.github.io/4DLangVGGT"
2512.05059,On six-loop scaling dimensions of $(\phi^2)^n$ operators in $d=3$,"A.V. Bednyakov, M.V. Kompaniets, A.V. Trenogin",hep-th cond-mat.stat-mech,2025-12-04,"19 pages, 5 figures, results in ancillary file"
2512.05058,Meta-Learning for Quantum Optimization via Quantum Sequence Model,"Yu-Cheng Lin, Yu-Chao Hsu, Samuel Yen-Chi Chen",quant-ph cs.AI cs.LG,2025-12-04,
2512.05057,Axionic tunneling from a topological Kondo insulator,"Saikat Banerjee, Anuva Aishwarya, Fei Liu, Lin Jiao, Vidya Madhavan, Eugene J. Mele and Piers Coleman",cond-mat.mes-hall cond-mat.str-el,2025-12-04,"15 + 6 Pages, 3 + 1 Figures"
2512.05056,Sensitivity of Hongmeng 21cm experiment on scattering dark matter,"Junsong Cang, Yu Gao, Yin-Zhe Ma",astro-ph.CO hep-ph,2025-12-04,"8 pages, 3 figures, one table"
2512.05055,A Nehari manifold method for nonvariational problems,"Radu Precup, Andrei Stan",math.AP math.FA,2025-12-04,
2512.05054,Hybrid Nehari-Schauder type fixed point results and applications,"Radu Precup, Andrei Stan",math.FA,2025-12-04,
2512.05053,A Randomized Scheduling Framework for Privacy-Preserving Multi-robot Rendezvous given Prior Information,"Le Liu, Yu Kawano, and Ming Cao",eess.SY cs.SY,2025-12-04,
2512.05052,High Fidelity Qubit Control in a Natural Si-MOS Quantum Dot using a 300 mm Silicon on Insulator Wafer,"Xander Peetroons, Xunyao Luo, Tsung-Yeh Yang, Normann Mertig, Sofie Beyne, Julien Jussot, Yosuke Shimura, Clement Godfrin, Bart Raes, Ruoyu Li, Roger Loo, Sylvain Baudot, Stefan Kubicek, Shuchi Kaushik, Danny Wan, Takeru Utsugi, Takuma Kuno, Noriyuki Lee, Itaru Yanagi, Toshiyuki Mine, Satoshi Muraoka, Shinichi Saito, Digh Hisamoto, Ryuta Tsuchiya, Hiroyuki Mizuno, Kristiaan De Greve, Charles Smith, Helena Knowles, Andrew Ramsay",cond-mat.mes-hall quant-ph,2025-12-04,"13 pages, 9 figures"
2512.05051,Some computations in the heart of the homotopy t-structure on logarithmic motives,Alberto Merici,math.AG,2025-12-04,"This article first appeared as an appendix to 2211.14303, but due to its length and independent interest we decided to separate the two parts"
2512.05050,Line-of-sight shear in SLACS strong lenses II: validation tests with an extended sample,"Natalie B. Hogg, Daniel Johnson, Anowar J. Shajib and Julien Larena",astro-ph.CO astro-ph.GA,2025-12-04,"14 pages, 9 figures, companion paper to 2501.16292v2, prepared for submission to the Open Journal of Astrophysics"
2512.05049,QKAN-LSTM: Quantum-inspired Kolmogorov-Arnold Long Short-term Memory,"Yu-Chao Hsu, Jiun-Cheng Jiang, Chun-Hua Lin, Kuo-Chung Peng, Nan-Yow Chen, Samuel Yen-Chi Chen, En-Jui Kuo, Hsi-Sheng Goan",quant-ph cs.AI cs.LG,2025-12-04,
2512.05048,Prediction of Novel Li-AgII-F Compounds using Evolutionary Algorithms,Katarzyna Kuder and Wojciech Grochala,cond-mat.mtrl-sci cond-mat.str-el,2025-12-04,"10 pages, 4 figures, 2 tables, and a supplement of 12 pages"
2512.05047,The position and resolvability of blended point sources,Zephyr Penoyre,astro-ph.SR astro-ph.GA astro-ph.IM,2025-12-04,"12 pages, 8 figures, 2 appendices"
2512.05045,On random matrix statistics of 3d gravity,"Daniel L. Jafferis, Liza Rozenberg, Debmalya Sarkar, Diandian Wang",hep-th gr-qc,2025-12-04,28 pages
2512.05046,Dust destruction by the supernova remnant forward shock in a turbulent interstellar medium,"Tassilo Scheffler, Nina S. Sartorio, Florian Kirchschlager, Ilse De Looze, Michael J. Barlow, Franziska D. Schmidt",astro-ph.GA astro-ph.SR,2025-12-04,"22 pages, 14 figures, accepted to Astronomy & Astrophysics (A&A)"
2512.05044,Joint 3D Geometry Reconstruction and Motion Generation for 4D Synthesis from a Single Image,"Yanran Zhang, Ziyi Wang, Wenzhao Zheng, Zheng Zhu, Jie Zhou, Jiwen Lu",cs.CV,2025-12-04,18 Pages
2512.05043,A Theory of Backgrounds and Background Independence,Marc Klinger,hep-th math-ph math.MP,2025-12-04,"V1: 21 pages + references, 3 figures"
2512.05042,Structured Light at the Extreme: Harnessing Spatiotemporal Control for High-Field Laser-Matter Interactions,"Sergio Carbajo, Seung-Whan Bahk, Justin Baker, Andrea Bertozzi, Abhimanyu Borthakur, Antonino Di Piazza, Andrew Forbes, Spencer Gessner, Jack Hirschman, Franz K\""artner, Maciej Lewenstein, Yuhang Li, Inhyuk Nam, Eileen Otte, Aydogan Ozcan, James Rozensweig, Yijie Shen, Liwei Song, Ye Tian, Yu Wang, Yuntian Wang, Logan Wright, Xiaojun Wu, Hao Zhang",physics.optics math-ph math.MP physics.comp-ph,2025-12-04,
2512.05041,Probing AGN Feedback in Dwarf Galaxies with Spatially Resolved NIR Coronal Lines from JWST,"Archana Aravindan, Thomas Bohn, Gabriela Canalizo, Shobita Satyapal, Vivian U, Weizhe Liu, William Matzko, Sara Doan, Matthew Malkan, Lee Armus, Tohru Nagao, Tanio Diaz-Santos, Aditya Togi, Thomas S.Y. Lai, Sean T. Linden, Marina Bianchin, Yiqing Song, Loreto Barcos-Munoz, Aaron Evans, Hanae Inami, Kirsten Larson, Sabrina Stierwalt, Jason Surace",astro-ph.GA,2025-12-04,"21 pages, 14 figures, submitted to ApJ. Comments welcome!"
2512.05040,Geometric Data Science,"Olga D Anosova, Vitaliy A Kurlin",math.MG cond-mat.mtrl-sci cs.CG,2025-12-04,Questions and comments are welcome at vitaliy.kurlin@gmail.com. The latest version is at http://kurlin.org/Geometric-Data-Science-book.pdf
2512.05039,Semantic-Guided Two-Stage GAN for Face Inpainting with Hybrid Perceptual Encoding,Abhigyan Bhattacharya and Hiranmoy Roy,cs.CV,2025-12-04,Submitted for review CVPR-2025
2512.05038,SuperActivators: Only the Tail of the Distribution Contains Reliable Concept Signals,"Cassandra Goldberg, Chaehyeon Kim, Adam Stein, Eric Wong",cs.LG,2025-12-04,
2512.05037,Expanding the Neutral Atom Gate Set: Native iSWAP and Exchange Gates from Dipolar Rydberg Interactions,"Pedro Ildefonso, Andrew Byun, Aleksei Konovalov, Javad Kazemi, Michael Schuler, Wolfgang Lechner",quant-ph,2025-12-04,"15 pages, 8 figures (plus appendix)"
2512.05036,Cumulant expansions of operator groups of quantum many-particle systems,"V.I. Gerasimenko, I.V. Gapyak",math-ph cond-mat.stat-mech math.AP math.MP,2025-12-04,19 pages
2512.05035,Spectrum and anisotropies of Galactic cosmic rays: a laboratory for magnetic fields,Philipp Mertsch (Aachen),astro-ph.HE astro-ph.GA,2025-12-04,"16 pages, 10 figures"
2512.05034,Analytic Dependence of the Lyapunov Moment Function and the Projective Stationary Measure for Random Matrix Products,"Christopher Chalhoub, Vincent P. H. Goverse, Jeroen S. W. Lamb, Martin Rasmussen",math.DS math.PR,2025-12-04,14 pages
2512.05033,Arbitrage: Efficient Reasoning via Advantage-Aware Speculation,"Monishwaran Maheswaran, Rishabh Tiwari, Yuezhou Hu, Kerem Dilmen, Coleman Hooper, Haocheng Xi, Nicholas Lee, Mehrdad Farajtabar, Michael W. Mahoney, Kurt Keutzer, Amir Gholami",cs.CL cs.AI cs.LG,2025-12-04,22 pages
2512.05032,Exploring asymmetries in three-body cLFV lepton decays: probing CP violation in HNL extensions of the SM,"Adrian Darricau, Jonathan Kriewald, Ana M. Teixeira",hep-ph,2025-12-04,"36 pages, 15 figures"
2512.05031,CNN on `Top': In Search of Scalable & Lightweight Image-based Jet Taggers,"Rajneil Baruah, Subhadeep Mondal, Sunando Kumar Patra, Satyajit Roy",hep-ph physics.comp-ph physics.data-an,2025-12-04,"12 pages, 3 figures, 2 tables"
2512.05030,Dual-Path Region-Guided Attention Network for Ground Reaction Force and Moment Regression,"Xuan Li, Samuel Bello",cs.LG eess.SP,2025-12-04,
2512.05029,The critical role of clumping in line-driven disc winds,"Amin Mosallanezhad, Christian Knigge, Nicolas Scepi, Knox S. Long, James H. Matthews, Stuart A. Sim and Austen Wallis",astro-ph.GA astro-ph.HE,2025-12-04,"9 pages, 5 figures, 1 table, accepted for publication in MNRAS"
2512.05028,Efficient Decoders for Sensing Subspace Code,Siva Aditya Gooty and Hessam Mahdavifar,eess.SP,2025-12-04,"This paper was accepted for presentation at the 59th Annual Asilomar Conference on Signals, Systems, and Computers"
2512.05027,Impact of power outages on the adoption of residential solar photovoltaic in a changing climate,"Jiashu Zhu, Wenbin Zhou, Laura Diaz Anadon, Shixiang Zhu",econ.GN q-fin.EC,2025-12-04,
2512.05026,Frobenius generation for algebraic stacks,Pat Lank and Fei Peng,math.AG,2025-12-04,"v1, comments welcome!"
2512.05025,RAMEN: Resolution-Adjustable Multimodal Encoder for Earth Observation,"Nicolas Houdr\'e, Diego Marcos, Hugo Riffaud de Turckheim, Dino Ienco, Laurent Wendling, Camille Kurtz, Sylvain Lobry",cs.CV,2025-12-04,
2512.05024,Model-Free Assessment of Simulator Fidelity via Quantile Curves,"Garud Iyengar, Yu-Shiou Willy Lin, Kaizheng Wang",stat.ME cs.AI cs.LG,2025-12-04,"33 pages, 11 figures"
2512.05023,Inertial Types of Elliptic Curves Over $\mathbb{Q}_{p^{2}}$,Jose Castro-Moreno and Nuno Freitas,math.NT,2025-12-04,"44 Pages, 20 Tables"
2512.05022,Emergence of ER=EPR from non-local gravitational energy,"Kimet Jusufi, Francisco S.N. Lobo, Emmanuel N. Saridakis, Douglas Singleton",gr-qc hep-th quant-ph,2025-12-04,"13 pages, 3 figures"
2512.05021,HTR-ConvText: Leveraging Convolution and Textual Information for Handwritten Text Recognition,"Pham Thach Thanh Truc, Dang Hoai Nam, Huynh Tong Dang Khoa, Vo Nguyen Le Duy",cs.CV cs.LG,2025-12-04,
2512.05020,Engineered Inclined Energy Landscapes Enabling Free Flow of Magnetic Microstructures for Artificial Neuron Applications,"Anmol Sharma, Ranjeet Kumar Brajpuriya, Vivek K. Malik, Vishakha Kaushik, Sachin Pathak",physics.comp-ph,2025-12-04,
2512.05019,L\'evy sources in UrQMD in Ar+Sc collisions at SPS energies,"Barnabas Porfy, Mate Csanad",hep-ph nucl-th,2025-12-04,"8 pages, 5 figures"
